Date	Adj Close
2010-05-17	128.91000400000001
2010-05-18	126.279999
2010-05-19	124.589996
2010-05-20	119.709999
2010-05-21	122.720001
2010-05-24	122.120003
2010-05-25	124.860001
2010-05-26	123.209999
2010-05-27	126.699997
2010-05-28	125.459999
2010-06-01	123.239998
2010-06-02	126.309998
2010-06-03	128.759995
2010-06-04	122.769997
2010-06-07	122.010002
2010-06-08	118.839996
2010-06-09	117.910004
2010-06-10	123.209999
2010-06-11	123.029999
2010-06-14	123.83000200000001
2010-06-15	126.839996
2010-06-16	126.900002
2010-06-17	125.889999
2010-06-18	125.83000200000001
2010-06-21	122.550003
2010-06-22	122.309998
2010-06-23	121.449997
2010-06-24	118.33000200000001
2010-06-25	121.0
2010-06-28	117.800003
2010-06-29	108.610001
2010-06-30	109.260002
2010-07-01	110.959999
2010-07-02	109.139999
2010-07-06	110.059998
2010-07-07	113.43
2010-07-08	116.220001
2010-07-09	117.260002
2010-07-12	119.510002
2010-07-13	123.650002
2010-07-14	123.300003
2010-07-15	122.059998
2010-07-16	118.489998
2010-07-19	119.940002
2010-07-20	120.099998
2010-07-21	117.43
2010-07-22	120.07
2010-07-23	118.870003
2010-07-26	118.400002
2010-07-27	117.129997
2010-07-28	117.129997
2010-07-29	116.860001
2010-07-30	117.889999
2010-08-02	120.07
2010-08-03	122.41999799999999
2010-08-04	127.58000200000001
2010-08-05	127.83000200000001
2010-08-06	128.320007
2010-08-09	128.830002
2010-08-10	130.0
2010-08-11	125.889999
2010-08-12	126.559998
2010-08-13	124.690002
2010-08-16	126.07
2010-08-17	128.860001
2010-08-18	129.649994
2010-08-19	127.57
2010-08-20	127.760002
2010-08-23	126.599998
2010-08-24	124.529999
2010-08-25	126.849998
2010-08-26	124.860001
2010-08-27	126.639999
2010-08-30	123.790001
2010-08-31	124.83000200000001
2010-09-01	132.490005
2010-09-02	135.21000700000002
2010-09-03	138.78999299999998
2010-09-07	137.220001
2010-09-08	139.139999
2010-09-09	140.380005
2010-09-10	142.440002
2010-09-13	145.070007
2010-09-14	145.75
2010-09-15	145.449997
2010-09-16	148.130005
2010-09-17	148.320007
2010-09-20	151.300003
2010-09-21	150.729996
2010-09-22	151.830002
2010-09-23	152.850006
2010-09-24	160.729996
2010-09-27	159.369995
2010-09-28	159.699997
2010-09-29	158.990005
2010-09-30	157.059998
2010-10-01	153.71000700000002
2010-10-04	155.389999
2010-10-05	160.869995
2010-10-06	155.399994
2010-10-07	156.270004
2010-10-08	155.550003
2010-10-11	153.029999
2010-10-12	156.479996
2010-10-13	155.169998
2010-10-14	155.529999
2010-10-15	164.639999
2010-10-18	163.559998
2010-10-19	158.669998
2010-10-20	158.669998
2010-10-21	164.970001
2010-10-22	169.130005
2010-10-25	169.0
2010-10-26	169.949997
2010-10-27	167.509995
2010-10-28	166.83999599999999
2010-10-29	165.229996
2010-11-01	162.580002
2010-11-02	164.610001
2010-11-03	168.470001
2010-11-04	168.929993
2010-11-05	170.770004
2010-11-08	171.990005
2010-11-09	170.270004
2010-11-10	173.330002
2010-11-11	170.369995
2010-11-12	165.679993
2010-11-15	158.899994
2010-11-16	157.779999
2010-11-17	158.350006
2010-11-18	164.169998
2010-11-19	164.820007
2010-11-22	170.389999
2010-11-23	168.199997
2010-11-24	177.25
2010-11-26	177.199997
2010-11-29	179.490005
2010-11-30	175.399994
2010-12-01	176.550003
2010-12-02	176.529999
2010-12-03	175.679993
2010-12-06	178.050003
2010-12-07	176.770004
2010-12-08	176.28999299999998
2010-12-09	174.850006
2010-12-10	175.619995
2010-12-13	174.25
2010-12-14	173.940002
2010-12-15	175.570007
2010-12-16	178.03999299999998
2010-12-17	177.580002
2010-12-20	183.28999299999998
2010-12-21	184.75
2010-12-22	184.759995
2010-12-23	182.58999599999999
2010-12-27	182.139999
2010-12-28	181.08999599999999
2010-12-29	183.369995
2010-12-30	182.75
2010-12-31	180.0
2011-01-03	184.220001
2011-01-04	185.009995
2011-01-05	187.419998
2011-01-06	185.860001
2011-01-07	185.490005
2011-01-10	184.679993
2011-01-11	184.33999599999999
2011-01-12	184.080002
2011-01-13	185.529999
2011-01-14	188.75
2011-01-18	191.25
2011-01-19	186.869995
2011-01-20	181.96000700000002
2011-01-21	177.419998
2011-01-24	176.850006
2011-01-25	176.699997
2011-01-26	175.389999
2011-01-27	184.449997
2011-01-28	171.139999
2011-01-31	169.639999
2011-02-01	172.110001
2011-02-02	173.529999
2011-02-03	173.71000700000002
2011-02-04	175.929993
2011-02-07	176.429993
2011-02-08	183.059998
2011-02-09	185.300003
2011-02-10	186.21000700000002
2011-02-11	189.25
2011-02-14	190.419998
2011-02-15	189.029999
2011-02-16	186.619995
2011-02-17	187.759995
2011-02-18	186.5
2011-02-22	180.419998
2011-02-23	176.679993
2011-02-24	177.75
2011-02-25	177.240005
2011-02-28	173.28999299999998
2011-03-01	169.440002
2011-03-02	172.020004
2011-03-03	172.78999299999998
2011-03-04	171.669998
2011-03-07	169.080002
2011-03-08	166.889999
2011-03-09	169.050003
2011-03-10	166.139999
2011-03-11	168.070007
2011-03-14	166.729996
2011-03-15	165.080002
2011-03-16	164.699997
2011-03-17	160.970001
2011-03-18	161.820007
2011-03-21	164.520004
2011-03-22	162.600006
2011-03-23	165.320007
2011-03-24	171.100006
2011-03-25	170.979996
2011-03-28	169.350006
2011-03-29	174.619995
2011-03-30	179.419998
2011-03-31	180.130005
2011-04-01	180.130005
2011-04-04	182.940002
2011-04-05	185.28999299999998
2011-04-06	182.759995
2011-04-07	184.91000400000001
2011-04-08	184.71000700000002
2011-04-11	184.03999299999998
2011-04-12	180.479996
2011-04-13	182.28999299999998
2011-04-14	181.820007
2011-04-15	180.009995
2011-04-18	178.33999599999999
2011-04-19	178.820007
2011-04-20	183.869995
2011-04-21	185.889999
2011-04-25	185.419998
2011-04-26	182.300003
2011-04-27	196.630005
2011-04-28	195.070007
2011-04-29	195.809998
2011-05-02	201.190002
2011-05-03	198.449997
2011-05-04	199.970001
2011-05-05	197.110001
2011-05-06	197.600006
2011-05-09	200.800003
2011-05-10	203.940002
2011-05-11	204.380005
2011-05-12	206.070007
2011-05-13	202.559998
2011-05-16	192.509995
2011-05-17	194.809998
2011-05-18	197.08999599999999
2011-05-19	198.800003
2011-05-20	198.649994
2011-05-23	196.220001
2011-05-24	193.270004
2011-05-25	192.259995
2011-05-26	195.0
2011-05-27	194.130005
2011-05-31	196.690002
2011-06-01	192.399994
2011-06-02	193.649994
2011-06-03	188.320007
2011-06-06	185.690002
2011-06-07	187.550003
2011-06-08	188.050003
2011-06-09	189.679993
2011-06-10	186.529999
2011-06-13	186.28999299999998
2011-06-14	189.96000700000002
2011-06-15	185.979996
2011-06-16	183.649994
2011-06-17	186.369995
2011-06-20	187.720001
2011-06-21	194.229996
2011-06-22	191.630005
2011-06-23	194.16000400000001
2011-06-24	192.550003
2011-06-27	201.25
2011-06-28	202.350006
2011-06-29	204.179993
2011-06-30	204.490005
2011-07-01	209.490005
2011-07-05	213.190002
2011-07-06	214.190002
2011-07-07	216.74000499999997
2011-07-08	218.27999900000003
2011-07-11	212.55000299999998
2011-07-12	211.229996
2011-07-13	213.5
2011-07-14	210.38000499999998
2011-07-15	212.86999500000002
2011-07-18	211.52999900000003
2011-07-19	218.059998
2011-07-20	215.55000299999998
2011-07-21	213.210007
2011-07-22	216.520004
2011-07-25	213.49000499999997
2011-07-26	214.17999300000002
2011-07-27	222.520004
2011-07-28	223.899994
2011-07-29	222.520004
2011-08-01	221.32000699999998
2011-08-02	211.69999700000002
2011-08-03	209.960007
2011-08-04	201.479996
2011-08-05	202.699997
2011-08-08	193.699997
2011-08-09	205.08999599999999
2011-08-10	194.130005
2011-08-11	198.360001
2011-08-12	202.300003
2011-08-15	202.949997
2011-08-16	197.679993
2011-08-17	195.929993
2011-08-18	182.520004
2011-08-19	178.929993
2011-08-22	177.53999299999998
2011-08-23	193.550003
2011-08-24	193.729996
2011-08-25	192.029999
2011-08-26	199.270004
2011-08-29	206.529999
2011-08-30	210.919998
2011-08-31	215.229996
2011-09-01	212.539993
2011-09-02	210.0
2011-09-06	216.17999300000002
2011-09-07	219.899994
2011-09-08	217.25999500000003
2011-09-09	211.38999900000002
2011-09-12	216.559998
2011-09-13	219.52999900000003
2011-09-14	222.57000699999998
2011-09-15	226.77999900000003
2011-09-16	239.30000299999998
2011-09-19	241.690002
2011-09-20	233.25
2011-09-21	231.86999500000002
2011-09-22	223.229996
2011-09-23	223.61000099999998
2011-09-26	229.850006
2011-09-27	224.210007
2011-09-28	229.710007
2011-09-29	222.440002
2011-09-30	216.229996
2011-10-03	211.979996
2011-10-04	212.5
2011-10-05	219.5
2011-10-06	221.50999500000003
2011-10-07	224.74000499999997
2011-10-10	231.32000699999998
2011-10-11	235.479996
2011-10-12	236.809998
2011-10-13	236.149994
2011-10-14	246.710007
2011-10-17	242.330002
2011-10-18	243.88000499999998
2011-10-19	231.52999900000003
2011-10-20	233.61000099999998
2011-10-21	234.77999900000003
2011-10-24	237.61000099999998
2011-10-25	227.149994
2011-10-26	198.399994
2011-10-27	206.779999
2011-10-28	217.32000699999998
2011-10-31	213.50999500000003
2011-11-01	212.100006
2011-11-02	215.61999500000002
2011-11-03	218.289993
2011-11-04	216.479996
2011-11-07	217.0
2011-11-08	217.99000499999997
2011-11-09	211.22000099999997
2011-11-10	210.789993
2011-11-11	217.38999900000002
2011-11-14	218.92999300000002
2011-11-15	217.830002
2011-11-16	211.99000499999997
2011-11-17	204.520004
2011-11-18	197.139999
2011-11-21	189.25
2011-11-22	192.33999599999999
2011-11-23	188.990005
2011-11-25	182.399994
2011-11-28	194.149994
2011-11-29	188.389999
2011-11-30	192.28999299999998
2011-12-01	197.130005
2011-12-02	196.029999
2011-12-05	196.240005
2011-12-06	191.990005
2011-12-07	195.320007
2011-12-08	190.479996
2011-12-09	193.029999
2011-12-12	189.520004
2011-12-13	180.509995
2011-12-14	180.21000700000002
2011-12-15	181.259995
2011-12-16	181.259995
2011-12-19	179.330002
2011-12-20	182.520004
2011-12-21	174.350006
2011-12-22	179.029999
2011-12-23	177.279999
2011-12-27	176.270004
2011-12-28	173.889999
2011-12-29	173.860001
2011-12-30	173.100006
2012-01-03	179.029999
2012-01-04	177.509995
2012-01-05	177.610001
2012-01-06	182.610001
2012-01-09	178.559998
2012-01-10	179.33999599999999
2012-01-11	178.899994
2012-01-12	175.929993
2012-01-13	178.419998
2012-01-17	181.66000400000001
2012-01-18	189.440002
2012-01-19	194.449997
2012-01-20	190.929993
2012-01-23	186.08999599999999
2012-01-24	187.0
2012-01-25	187.800003
2012-01-26	193.320007
2012-01-27	195.369995
2012-01-30	192.149994
2012-01-31	194.440002
2012-02-01	179.46000700000002
2012-02-02	181.720001
2012-02-03	187.679993
2012-02-06	183.139999
2012-02-07	184.190002
2012-02-08	185.479996
2012-02-09	184.979996
2012-02-10	185.53999299999998
2012-02-13	191.58999599999999
2012-02-14	191.300003
2012-02-15	184.470001
2012-02-16	179.929993
2012-02-17	182.5
2012-02-21	182.259995
2012-02-22	180.580002
2012-02-23	178.889999
2012-02-24	179.130005
2012-02-27	178.529999
2012-02-28	183.800003
2012-02-29	179.690002
2012-03-01	180.03999299999998
2012-03-02	179.300003
2012-03-05	180.259995
2012-03-06	181.08999599999999
2012-03-07	183.770004
2012-03-08	187.639999
2012-03-09	184.320007
2012-03-12	183.389999
2012-03-13	184.58999599999999
2012-03-14	182.259995
2012-03-15	184.429993
2012-03-16	185.050003
2012-03-19	185.520004
2012-03-20	192.330002
2012-03-21	191.729996
2012-03-22	192.399994
2012-03-23	195.03999299999998
2012-03-26	202.869995
2012-03-27	205.440002
2012-03-28	201.16000400000001
2012-03-29	204.610001
2012-03-30	202.509995
2012-04-02	198.050003
2012-04-03	199.66000400000001
2012-04-04	193.990005
2012-04-05	194.389999
2012-04-09	191.869995
2012-04-10	186.979996
2012-04-11	187.970001
2012-04-12	190.690002
2012-04-13	188.46000700000002
2012-04-16	185.5
2012-04-17	188.389999
2012-04-18	191.070007
2012-04-19	191.100006
2012-04-20	189.979996
2012-04-23	188.240005
2012-04-24	190.330002
2012-04-25	194.419998
2012-04-26	195.990005
2012-04-27	226.850006
2012-04-30	231.899994
2012-05-01	230.039993
2012-05-02	230.25
2012-05-03	229.44999700000002
2012-05-04	223.99000499999997
2012-05-07	225.16000400000001
2012-05-08	223.899994
2012-05-09	222.979996
2012-05-10	226.690002
2012-05-11	227.67999300000002
2012-05-14	222.92999300000002
2012-05-15	224.38999900000002
2012-05-16	224.059998
2012-05-17	218.36000099999998
2012-05-18	213.850006
2012-05-21	218.11000099999998
2012-05-22	215.330002
2012-05-23	217.27999900000003
2012-05-24	215.24000499999997
2012-05-25	212.88999900000002
2012-05-29	214.75
2012-05-30	209.229996
2012-05-31	212.91000400000001
2012-06-01	208.220001
2012-06-04	214.57000699999998
2012-06-05	213.210007
2012-06-06	217.63999900000002
2012-06-07	218.80000299999998
2012-06-08	218.479996
2012-06-11	216.5
2012-06-12	216.419998
2012-06-13	214.729996
2012-06-14	214.44999700000002
2012-06-15	218.350006
2012-06-18	222.66000400000001
2012-06-19	224.02999900000003
2012-06-20	223.020004
2012-06-21	220.57000699999998
2012-06-22	222.16000400000001
2012-06-25	220.07000699999998
2012-06-26	225.61000099999998
2012-06-27	225.61999500000002
2012-06-28	221.309998
2012-06-29	228.350006
2012-07-02	229.32000699999998
2012-07-03	229.52999900000003
2012-07-05	227.059998
2012-07-06	225.05000299999998
2012-07-09	225.05000299999998
2012-07-10	219.5
2012-07-11	218.36999500000002
2012-07-12	215.36000099999998
2012-07-13	218.38999900000002
2012-07-16	216.00999500000003
2012-07-17	216.92999300000002
2012-07-18	217.47000099999997
2012-07-19	226.169998
2012-07-20	228.289993
2012-07-23	226.00999500000003
2012-07-24	223.039993
2012-07-25	217.05000299999998
2012-07-26	220.00999500000003
2012-07-27	237.32000699999998
2012-07-30	236.08999599999999
2012-07-31	233.30000299999998
2012-08-01	232.08999599999999
2012-08-02	230.809998
2012-08-03	234.97000099999997
2012-08-06	233.99000499999997
2012-08-07	236.559998
2012-08-08	234.38000499999998
2012-08-09	234.059998
2012-08-10	232.75
2012-08-13	232.440002
2012-08-14	233.190002
2012-08-15	237.419998
2012-08-16	241.55000299999998
2012-08-17	241.169998
2012-08-20	240.350006
2012-08-21	239.44999700000002
2012-08-22	243.100006
2012-08-23	241.19999700000002
2012-08-24	245.74000499999997
2012-08-27	243.919998
2012-08-28	246.11000099999998
2012-08-29	247.11999500000002
2012-08-30	246.22000099999997
2012-08-31	248.270004
2012-09-04	247.88000499999998
2012-09-05	246.22000099999997
2012-09-06	251.38000499999998
2012-09-07	259.140015
2012-09-10	257.089996
2012-09-11	255.669998
2012-09-12	255.63000499999998
2012-09-13	260.23999
2012-09-14	261.269989
2012-09-17	258.0
2012-09-18	258.75
2012-09-19	261.679993
2012-09-20	260.809998
2012-09-21	257.47000099999997
2012-09-24	254.80000299999998
2012-09-25	252.460007
2012-09-26	249.669998
2012-09-27	256.589996
2012-09-28	254.32000699999998
2012-10-01	252.00999500000003
2012-10-02	250.600006
2012-10-03	255.919998
2012-10-04	260.47000099999997
2012-10-05	258.51001
2012-10-08	259.059998
2012-10-09	250.960007
2012-10-10	244.99000499999997
2012-10-11	244.22000099999997
2012-10-12	242.36000099999998
2012-10-15	244.17999300000002
2012-10-16	243.940002
2012-10-17	247.49000499999997
2012-10-18	244.850006
2012-10-19	240.0
2012-10-22	233.77999900000003
2012-10-23	234.309998
2012-10-24	228.49000499999997
2012-10-25	222.919998
2012-10-26	238.24000499999997
2012-10-31	232.88999900000002
2012-11-01	232.13999900000002
2012-11-02	232.419998
2012-11-05	234.330002
2012-11-06	237.559998
2012-11-07	232.059998
2012-11-08	227.350006
2012-11-09	226.309998
2012-11-12	226.47000099999997
2012-11-13	226.600006
2012-11-14	222.94999700000002
2012-11-15	220.600006
2012-11-16	225.229996
2012-11-19	229.710007
2012-11-20	233.77999900000003
2012-11-21	238.02999900000003
2012-11-23	239.88000499999998
2012-11-26	243.61999500000002
2012-11-27	243.399994
2012-11-28	247.11000099999998
2012-11-29	251.270004
2012-11-30	252.05000299999998
2012-12-03	250.330002
2012-12-04	252.49000499999997
2012-12-05	253.960007
2012-12-06	253.36999500000002
2012-12-07	253.270004
2012-12-10	247.770004
2012-12-11	250.690002
2012-12-12	251.75999500000003
2012-12-13	251.25
2012-12-14	249.190002
2012-12-17	253.86000099999998
2012-12-18	260.399994
2012-12-19	257.98999
2012-12-20	261.5
2012-12-21	256.920013
2012-12-24	258.619995
2012-12-26	248.63000499999998
2012-12-27	248.309998
2012-12-28	245.17999300000002
2012-12-31	250.86999500000002
2013-01-02	257.309998
2013-01-03	258.480011
2013-01-04	259.149994
2013-01-07	268.459991
2013-01-08	266.380005
2013-01-09	266.350006
2013-01-10	265.339996
2013-01-11	267.940002
2013-01-14	272.730011
2013-01-15	271.899994
2013-01-16	268.929993
2013-01-17	270.480011
2013-01-18	272.119995
2013-01-22	270.190002
2013-01-23	268.109985
2013-01-24	273.459991
2013-01-25	283.98999
2013-01-28	276.040009
2013-01-29	260.350006
2013-01-30	272.76001
2013-01-31	265.5
2013-02-01	265.0
2013-02-04	259.980011
2013-02-05	266.890015
2013-02-06	262.22000099999997
2013-02-07	260.230011
2013-02-08	261.950012
2013-02-11	257.209991
2013-02-12	258.700012
2013-02-13	269.47000099999997
2013-02-14	269.23999
2013-02-15	265.089996
2013-02-19	269.75
2013-02-20	266.410004
2013-02-21	265.940002
2013-02-22	265.420013
2013-02-25	259.869995
2013-02-26	259.359985
2013-02-27	263.25
2013-02-28	264.269989
2013-03-01	265.73999
2013-03-04	273.109985
2013-03-05	275.589996
2013-03-06	273.790009
2013-03-07	273.880005
2013-03-08	274.190002
2013-03-11	271.23999
2013-03-12	274.130005
2013-03-13	275.100006
2013-03-14	265.73999
2013-03-15	261.820007
2013-03-18	257.890015
2013-03-19	256.410004
2013-03-20	257.27999900000003
2013-03-21	253.38999900000002
2013-03-22	257.75
2013-03-25	256.019989
2013-03-26	260.309998
2013-03-27	265.299988
2013-03-28	266.48999
2013-04-01	261.609985
2013-04-02	263.320007
2013-04-03	259.02999900000003
2013-04-04	259.079987
2013-04-05	255.479996
2013-04-08	258.950012
2013-04-09	261.140015
2013-04-10	264.769989
2013-04-11	269.850006
2013-04-12	272.869995
2013-04-15	267.72000099999997
2013-04-16	272.339996
2013-04-17	267.399994
2013-04-18	259.420013
2013-04-19	260.320007
2013-04-22	263.549988
2013-04-23	268.899994
2013-04-24	268.77999900000003
2013-04-25	274.700012
2013-04-26	254.809998
2013-04-29	249.74000499999997
2013-04-30	253.809998
2013-05-01	248.229996
2013-05-02	252.55000299999998
2013-05-03	258.049988
2013-05-06	255.72000099999997
2013-05-07	257.730011
2013-05-08	258.679993
2013-05-09	260.160004
2013-05-10	263.630005
2013-05-13	264.51001
2013-05-14	268.329987
2013-05-15	266.559998
2013-05-16	264.119995
2013-05-17	269.899994
2013-05-20	267.630005
2013-05-21	268.859985
2013-05-22	262.959991
2013-05-23	261.799988
2013-05-24	261.73999
2013-05-28	267.290009
2013-05-29	265.52999900000003
2013-05-30	266.829987
2013-05-31	269.200012
2013-06-03	266.880005
2013-06-04	265.700012
2013-06-05	267.170013
2013-06-06	267.829987
2013-06-07	276.869995
2013-06-10	281.070007
2013-06-11	274.77999900000003
2013-06-12	271.670013
2013-06-13	275.790009
2013-06-14	273.98999
2013-06-17	278.059998
2013-06-18	281.76001
2013-06-19	278.160004
2013-06-20	273.440002
2013-06-21	273.359985
2013-06-24	270.609985
2013-06-25	272.089996
2013-06-26	277.570007
2013-06-27	277.549988
2013-06-28	277.690002
2013-07-01	282.100006
2013-07-02	283.730011
2013-07-03	284.02999900000003
2013-07-05	285.880005
2013-07-08	290.589996
2013-07-09	291.52999900000003
2013-07-10	292.329987
2013-07-11	299.660004
2013-07-12	307.549988
2013-07-15	306.570007
2013-07-16	306.869995
2013-07-17	308.690002
2013-07-18	304.109985
2013-07-19	305.230011
2013-07-22	303.480011
2013-07-23	301.059998
2013-07-24	298.940002
2013-07-25	303.399994
2013-07-26	312.01001
2013-07-29	306.100006
2013-07-30	302.410004
2013-07-31	301.22000099999997
2013-08-01	305.570007
2013-08-02	304.209991
2013-08-05	300.98999
2013-08-06	300.75
2013-08-07	296.910004
2013-08-08	295.73999
2013-08-09	297.26001
2013-08-12	296.690002
2013-08-13	293.97000099999997
2013-08-14	291.339996
2013-08-15	286.47000099999997
2013-08-16	284.820007
2013-08-19	285.570007
2013-08-20	287.089996
2013-08-21	284.570007
2013-08-22	289.730011
2013-08-23	290.01001
2013-08-26	286.209991
2013-08-27	280.929993
2013-08-28	281.579987
2013-08-29	283.980011
2013-08-30	280.980011
2013-09-03	288.799988
2013-09-04	293.640015
2013-09-05	294.100006
2013-09-06	295.859985
2013-09-09	299.709991
2013-09-10	300.359985
2013-09-11	299.640015
2013-09-12	298.859985
2013-09-13	297.920013
2013-09-16	296.059998
2013-09-17	304.170013
2013-09-18	312.02999900000003
2013-09-19	312.059998
2013-09-20	316.339996
2013-09-23	311.48999
2013-09-24	314.130005
2013-09-25	312.649994
2013-09-26	318.119995
2013-09-27	316.01001
2013-09-30	312.640015
2013-10-01	320.950012
2013-10-02	320.51001
2013-10-03	314.76001
2013-10-04	319.040009
2013-10-07	310.02999900000003
2013-10-08	303.230011
2013-10-09	298.230011
2013-10-10	305.170013
2013-10-11	310.890015
2013-10-14	310.700012
2013-10-15	306.399994
2013-10-16	310.48999
2013-10-17	310.769989
2013-10-18	328.929993
2013-10-21	326.440002
2013-10-22	332.540009
2013-10-23	326.76001
2013-10-24	332.209991
2013-10-25	363.390015
2013-10-28	358.160004
2013-10-29	362.700012
2013-10-30	361.079987
2013-10-31	364.02999900000003
2013-11-01	359.0
2013-11-04	358.73999
2013-11-05	358.890015
2013-11-06	356.179993
2013-11-07	343.559998
2013-11-08	350.309998
2013-11-11	354.380005
2013-11-12	349.52999900000003
2013-11-13	356.22000099999997
2013-11-14	367.399994
2013-11-15	369.170013
2013-11-18	366.179993
2013-11-19	364.940002
2013-11-20	362.570007
2013-11-21	368.920013
2013-11-22	372.309998
2013-11-25	376.640015
2013-11-26	381.369995
2013-11-27	386.709991
2013-11-29	393.619995
2013-12-02	392.299988
2013-12-03	384.660004
2013-12-04	385.959991
2013-12-05	384.48999
2013-12-06	386.950012
2013-12-09	384.890015
2013-12-10	387.77999900000003
2013-12-11	382.190002
2013-12-12	381.25
2013-12-13	384.23999
2013-12-16	388.97000099999997
2013-12-17	387.649994
2013-12-18	395.959991
2013-12-19	395.190002
2013-12-20	402.200012
2013-12-23	402.920013
2013-12-24	399.200012
2013-12-26	404.390015
2013-12-27	398.079987
2013-12-30	393.369995
2013-12-31	398.790009
2014-01-02	397.97000099999997
2014-01-03	396.440002
2014-01-06	393.630005
2014-01-07	398.02999900000003
2014-01-08	401.920013
2014-01-09	401.01001
2014-01-10	397.660004
2014-01-13	390.980011
2014-01-14	397.540009
2014-01-15	395.869995
2014-01-16	395.799988
2014-01-17	399.609985
2014-01-21	407.049988
2014-01-22	404.540009
2014-01-23	399.869995
2014-01-24	387.600006
2014-01-27	386.27999900000003
2014-01-28	394.429993
2014-01-29	384.200012
2014-01-30	403.01001
2014-01-31	358.690002
2014-02-03	346.149994
2014-02-04	347.950012
2014-02-05	346.450012
2014-02-06	354.589996
2014-02-07	361.079987
2014-02-10	360.869995
2014-02-11	361.790009
2014-02-12	349.25
2014-02-13	357.200012
2014-02-14	357.350006
2014-02-18	353.649994
2014-02-19	347.380005
2014-02-20	349.799988
2014-02-21	346.76001
2014-02-24	351.77999900000003
2014-02-25	358.320007
2014-02-26	359.799988
2014-02-27	360.130005
2014-02-28	362.100006
2014-03-03	359.77999900000003
2014-03-04	363.899994
2014-03-05	372.369995
2014-03-06	372.160004
2014-03-07	372.059998
2014-03-10	370.52999900000003
2014-03-11	368.820007
2014-03-12	370.640015
2014-03-13	371.51001
2014-03-14	373.73999
2014-03-17	375.040009
2014-03-18	378.769989
2014-03-19	373.230011
2014-03-20	368.97000099999997
2014-03-21	360.619995
2014-03-24	351.850006
2014-03-25	354.709991
2014-03-26	343.410004
2014-03-27	338.47000099999997
2014-03-28	338.290009
2014-03-31	336.369995
2014-04-01	342.98999
2014-04-02	341.959991
2014-04-03	333.619995
2014-04-04	323.0
2014-04-07	317.76001
2014-04-08	327.070007
2014-04-09	331.809998
2014-04-10	317.109985
2014-04-11	311.730011
2014-04-14	315.910004
2014-04-15	316.079987
2014-04-16	323.679993
2014-04-17	324.910004
2014-04-21	330.869995
2014-04-22	329.320007
2014-04-23	324.579987
2014-04-24	337.149994
2014-04-25	303.829987
2014-04-28	296.579987
2014-04-29	300.380005
2014-04-30	304.130005
2014-05-01	307.890015
2014-05-02	308.01001
2014-05-05	310.049988
2014-05-06	297.380005
2014-05-07	292.709991
2014-05-08	288.320007
2014-05-09	292.23999
2014-05-12	302.859985
2014-05-13	304.640015
2014-05-14	297.619995
2014-05-15	295.190002
2014-05-16	297.700012
2014-05-19	296.76001
2014-05-20	301.190002
2014-05-21	305.01001
2014-05-22	304.910004
2014-05-23	312.23999
2014-05-27	310.820007
2014-05-28	310.160004
2014-05-29	313.77999900000003
2014-05-30	312.549988
2014-06-02	308.839996
2014-06-03	307.190002
2014-06-04	306.77999900000003
2014-06-05	323.570007
2014-06-06	329.670013
2014-06-09	327.5
2014-06-10	332.410004
2014-06-11	335.200012
2014-06-12	325.910004
2014-06-13	326.269989
2014-06-16	327.619995
2014-06-17	325.619995
2014-06-18	334.380005
2014-06-19	327.0
2014-06-20	324.200012
2014-06-23	327.23999
2014-06-24	324.160004
2014-06-25	327.440002
2014-06-26	325.690002
2014-06-27	324.570007
2014-06-30	324.77999900000003
2014-07-01	332.390015
2014-07-02	332.850006
2014-07-03	337.48999
2014-07-07	333.549988
2014-07-08	323.809998
2014-07-09	329.97000099999997
2014-07-10	327.920013
2014-07-11	346.200012
2014-07-14	355.320007
2014-07-15	354.440002
2014-07-16	355.899994
2014-07-17	352.450012
2014-07-18	358.660004
2014-07-21	359.76001
2014-07-22	360.839996
2014-07-23	358.140015
2014-07-24	358.609985
2014-07-25	324.01001
2014-07-28	320.410004
2014-07-29	320.0
2014-07-30	322.51001
2014-07-31	312.98999
2014-08-01	307.059998
2014-08-04	313.649994
2014-08-05	312.320007
2014-08-06	313.890015
2014-08-07	311.450012
2014-08-08	316.799988
2014-08-11	318.329987
2014-08-12	319.320007
2014-08-13	326.27999900000003
2014-08-14	333.209991
2014-08-15	333.630005
2014-08-18	334.52999900000003
2014-08-19	335.130005
2014-08-20	335.77999900000003
2014-08-21	332.910004
2014-08-22	331.589996
2014-08-25	334.019989
2014-08-26	341.829987
2014-08-27	343.179993
2014-08-28	340.019989
2014-08-29	339.040009
2014-09-02	342.380005
2014-09-03	339.0
2014-09-04	345.950012
2014-09-05	346.380005
2014-09-08	342.339996
2014-09-09	329.75
2014-09-10	331.329987
2014-09-11	330.519989
2014-09-12	331.190002
2014-09-15	323.890015
2014-09-16	327.76001
2014-09-17	324.0
2014-09-18	325.0
2014-09-19	331.320007
2014-09-22	324.5
2014-09-23	323.630005
2014-09-24	328.209991
2014-09-25	321.929993
2014-09-26	323.209991
2014-09-29	321.820007
2014-09-30	322.440002
2014-10-01	317.459991
2014-10-02	318.410004
2014-10-03	322.73999
2014-10-06	322.200012
2014-10-07	316.980011
2014-10-08	322.700012
2014-10-09	315.369995
2014-10-10	311.390015
2014-10-13	306.450012
2014-10-14	308.309998
2014-10-15	305.97000099999997
2014-10-16	302.859985
2014-10-17	303.640015
2014-10-20	306.209991
2014-10-21	315.329987
2014-10-22	312.97000099999997
2014-10-23	313.179993
2014-10-24	287.059998
2014-10-27	289.97000099999997
2014-10-28	295.589996
2014-10-29	294.119995
2014-10-30	299.070007
2014-10-31	305.459991
2014-11-03	305.72000099999997
2014-11-04	302.809998
2014-11-05	296.519989
2014-11-06	296.640015
2014-11-07	299.859985
2014-11-10	305.109985
2014-11-11	312.01001
2014-11-12	311.51001
2014-11-13	316.480011
2014-11-14	327.820007
2014-11-17	323.049988
2014-11-18	324.929993
2014-11-19	326.540009
2014-11-20	330.540009
2014-11-21	332.630005
2014-11-24	335.640015
2014-11-25	335.040009
2014-11-26	333.570007
2014-11-28	338.640015
2014-12-01	326.0
2014-12-02	326.309998
2014-12-03	316.5
2014-12-04	316.929993
2014-12-05	312.630005
2014-12-08	306.640015
2014-12-09	312.5
2014-12-10	305.839996
2014-12-11	307.359985
2014-12-12	307.320007
2014-12-15	306.070007
2014-12-16	295.059998
2014-12-17	298.880005
2014-12-18	297.730011
2014-12-19	299.899994
2014-12-22	306.540009
2014-12-23	306.290009
2014-12-24	303.02999900000003
2014-12-26	309.089996
2014-12-29	312.040009
2014-12-30	310.299988
2014-12-31	310.350006
2015-01-02	308.519989
2015-01-05	302.190002
2015-01-06	295.290009
2015-01-07	298.420013
2015-01-08	300.459991
2015-01-09	296.929993
2015-01-12	291.410004
2015-01-13	294.73999
2015-01-14	293.269989
2015-01-15	286.950012
2015-01-16	290.73999
2015-01-20	289.440002
2015-01-21	297.25
2015-01-22	310.320007
2015-01-23	312.390015
2015-01-26	309.660004
2015-01-27	306.75
2015-01-28	303.910004
2015-01-29	311.77999900000003
2015-01-30	354.52999900000003
2015-02-02	364.47000099999997
2015-02-03	363.549988
2015-02-04	364.75
2015-02-05	373.890015
2015-02-06	374.27999900000003
2015-02-09	370.559998
2015-02-10	373.0
2015-02-11	375.140015
2015-02-12	377.170013
2015-02-13	381.829987
2015-02-17	375.429993
2015-02-18	373.369995
2015-02-19	379.0
2015-02-20	383.660004
2015-02-23	380.140015
2015-02-24	378.589996
2015-02-25	385.369995
2015-02-26	384.799988
2015-02-27	380.160004
2015-03-02	385.660004
2015-03-03	384.609985
2015-03-04	382.72000099999997
2015-03-05	387.829987
2015-03-06	380.089996
2015-03-09	378.559998
2015-03-10	369.51001
2015-03-11	366.369995
2015-03-12	374.23999
2015-03-13	370.579987
2015-03-16	373.350006
2015-03-17	371.920013
2015-03-18	375.140015
2015-03-19	373.23999
2015-03-20	378.48999
2015-03-23	375.109985
2015-03-24	374.089996
2015-03-25	370.959991
2015-03-26	367.350006
2015-03-27	370.559998
2015-03-30	374.589996
2015-03-31	372.100006
2015-04-01	370.26001
2015-04-02	372.25
2015-04-06	377.040009
2015-04-07	374.410004
2015-04-08	381.200012
2015-04-09	383.540009
2015-04-10	382.649994
2015-04-13	382.359985
2015-04-14	385.109985
2015-04-15	383.450012
2015-04-16	386.040009
2015-04-17	375.559998
2015-04-20	389.51001
2015-04-21	391.179993
2015-04-22	389.799988
2015-04-23	389.98999
2015-04-24	445.10000599999995
2015-04-27	438.55999800000006
2015-04-28	429.30999800000006
2015-04-29	429.369995
2015-04-30	421.77999900000003
2015-05-01	422.869995
2015-05-04	423.040009
2015-05-05	421.19000199999994
2015-05-06	419.100006
2015-05-07	426.880005
2015-05-08	433.69000199999994
2015-05-11	432.85000599999995
2015-05-12	431.01998899999995
2015-05-13	426.869995
2015-05-14	432.27999900000003
2015-05-15	426.0
2015-05-18	425.23999000000003
2015-05-19	421.709991
2015-05-20	423.85998499999994
2015-05-21	431.630005
2015-05-22	427.630005
2015-05-26	425.47000099999997
2015-05-27	431.420013
2015-05-28	426.57000700000003
2015-05-29	429.23001100000005
2015-06-01	430.920013
2015-06-02	430.98999000000003
2015-06-03	436.589996
2015-06-04	430.77999900000003
2015-06-05	426.950012
2015-06-08	423.5
2015-06-09	425.48001100000005
2015-06-10	430.76998899999995
2015-06-11	432.97000099999997
2015-06-12	429.920013
2015-06-15	423.670013
2015-06-16	427.26000999999997
2015-06-17	427.80999800000006
2015-06-18	439.39001500000006
2015-06-19	434.920013
2015-06-22	436.290009
2015-06-23	445.98999000000003
2015-06-24	440.839996
2015-06-25	440.10000599999995
2015-06-26	438.10000599999995
2015-06-29	429.85998499999994
2015-06-30	434.089996
2015-07-01	437.39001500000006
2015-07-02	437.709991
2015-07-06	436.040009
2015-07-07	436.72000099999997
2015-07-08	429.700012
2015-07-09	434.39001500000006
2015-07-10	443.51000999999997
2015-07-13	455.57000700000003
2015-07-14	465.57000700000003
2015-07-15	461.19000199999994
2015-07-16	475.48001100000005
2015-07-17	483.01000999999997
2015-07-20	488.10000599999995
2015-07-21	488.0
2015-07-22	488.26998899999995
2015-07-23	482.17999299999997
2015-07-24	529.419983
2015-07-27	531.409973
2015-07-28	526.030029
2015-07-29	529.0
2015-07-30	536.76001
2015-07-31	536.150024
2015-08-03	535.030029
2015-08-04	531.900024
2015-08-05	537.01001
2015-08-06	529.460022
2015-08-07	522.619995
2015-08-10	524.0
2015-08-11	527.460022
2015-08-12	525.909973
2015-08-13	529.659973
2015-08-14	531.52002
2015-08-17	535.219971
2015-08-18	535.02002
2015-08-19	532.919983
2015-08-20	515.780029
2015-08-21	494.47000099999997
2015-08-24	463.369995
2015-08-25	466.369995
2015-08-26	500.76998899999995
2015-08-27	518.369995
2015-08-28	518.01001
2015-08-31	512.8900150000001
2015-09-01	496.540009
2015-09-02	510.549988
2015-09-03	504.72000099999997
2015-09-04	499.0
2015-09-08	517.539978
2015-09-09	516.8900150000001
2015-09-10	522.23999
2015-09-11	529.4400019999999
2015-09-14	521.380005
2015-09-15	522.369995
2015-09-16	527.3900150000001
2015-09-17	538.869995
2015-09-18	540.26001
2015-09-21	548.3900150000001
2015-09-22	538.400024
2015-09-23	536.070007
2015-09-24	533.75
2015-09-25	524.25
2015-09-28	504.05999800000006
2015-09-29	496.07000700000003
2015-09-30	511.89001500000006
2015-10-01	520.719971
2015-10-02	532.539978
2015-10-05	543.679993
2015-10-06	537.47998
2015-10-07	541.9400019999999
2015-10-08	533.159973
2015-10-09	539.799988
2015-10-12	550.1900019999999
2015-10-13	548.900024
2015-10-14	544.830017
2015-10-15	562.4400019999999
2015-10-16	570.76001
2015-10-19	573.150024
2015-10-20	560.880005
2015-10-21	555.77002
2015-10-22	563.909973
2015-10-23	599.030029
2015-10-26	608.6099849999999
2015-10-27	611.01001
2015-10-28	617.099976
2015-10-29	626.549988
2015-10-30	625.900024
2015-11-02	628.349976
2015-11-03	625.3099980000001
2015-11-04	640.950012
2015-11-05	655.650024
2015-11-06	659.369995
2015-11-09	655.48999
2015-11-10	659.679993
2015-11-11	673.25
2015-11-12	665.599976
2015-11-13	642.349976
2015-11-16	647.8099980000001
2015-11-17	643.299988
2015-11-18	663.539978
2015-11-19	661.27002
2015-11-20	668.450012
2015-11-23	678.98999
2015-11-24	671.150024
2015-11-25	675.340027
2015-11-27	673.26001
2015-11-30	664.799988
2015-12-01	679.0599980000001
2015-12-02	676.01001
2015-12-03	666.25
2015-12-04	672.6400150000001
2015-12-07	669.830017
2015-12-08	677.330017
2015-12-09	664.789978
2015-12-10	662.320007
2015-12-11	640.150024
2015-12-14	657.909973
2015-12-15	658.6400150000001
2015-12-16	675.77002
2015-12-17	670.650024
2015-12-18	664.1400150000001
2015-12-21	664.51001
2015-12-22	663.150024
2015-12-23	663.700012
2015-12-24	662.789978
2015-12-28	675.200012
2015-12-29	693.969971
2015-12-30	689.070007
2015-12-31	675.8900150000001
2016-01-04	636.98999
2016-01-05	633.789978
2016-01-06	632.650024
2016-01-07	607.9400019999999
2016-01-08	607.049988
2016-01-11	617.73999
2016-01-12	617.8900150000001
2016-01-13	581.8099980000001
2016-01-14	593.0
2016-01-15	570.179993
2016-01-19	574.47998
2016-01-20	571.77002
2016-01-21	575.02002
2016-01-22	596.380005
2016-01-25	596.530029
2016-01-26	601.25
2016-01-27	583.349976
2016-01-28	635.349976
2016-01-29	587.0
2016-02-01	574.8099980000001
2016-02-02	552.099976
2016-02-03	531.070007
2016-02-04	536.26001
2016-02-05	502.130005
2016-02-08	488.10000599999995
2016-02-09	482.07000700000003
2016-02-10	490.48001100000005
2016-02-11	503.82000700000003
2016-02-12	507.079987
2016-02-16	521.099976
2016-02-17	534.099976
2016-02-18	525.0
2016-02-19	534.900024
2016-02-22	559.5
2016-02-23	552.9400019999999
2016-02-24	554.039978
2016-02-25	555.150024
2016-02-26	555.22998
2016-02-29	552.52002
2016-03-01	579.039978
2016-03-02	580.210022
2016-03-03	577.48999
2016-03-04	575.1400150000001
2016-03-07	562.799988
2016-03-08	560.26001
2016-03-09	559.469971
2016-03-10	558.929993
2016-03-11	569.6099849999999
2016-03-14	573.369995
2016-03-15	577.02002
2016-03-16	574.27002
2016-03-17	559.4400019999999
2016-03-18	552.080017
2016-03-21	553.97998
2016-03-22	560.47998
2016-03-23	569.630005
2016-03-24	582.950012
2016-03-28	579.869995
2016-03-29	593.8599849999999
2016-03-30	598.6900019999999
2016-03-31	593.6400150000001
2016-04-01	598.5
2016-04-04	593.1900019999999
2016-04-05	586.1400150000001
2016-04-06	602.080017
2016-04-07	591.429993
2016-04-08	594.599976
2016-04-11	595.929993
2016-04-12	603.169983
2016-04-13	614.820007
2016-04-14	620.75
2016-04-15	625.8900150000001
2016-04-18	635.349976
2016-04-19	627.900024
2016-04-20	632.98999
2016-04-21	631.0
2016-04-22	620.5
2016-04-25	626.200012
2016-04-26	616.880005
2016-04-27	606.570007
2016-04-28	602.0
2016-04-29	659.590027
2016-05-02	683.849976
2016-05-03	671.320007
2016-05-04	670.900024
2016-05-05	659.090027
2016-05-06	673.950012
2016-05-09	679.75
2016-05-10	703.070007
2016-05-11	713.22998
2016-05-12	717.929993
2016-05-13	709.919983
2016-05-16	710.659973
2016-05-17	695.27002
2016-05-18	697.450012
2016-05-19	698.52002
2016-05-20	702.799988
2016-05-23	696.75
2016-05-24	704.200012
2016-05-25	708.349976
2016-05-26	714.909973
2016-05-27	712.23999
2016-05-31	722.789978
2016-06-01	719.4400019999999
2016-06-02	728.23999
2016-06-03	725.539978
2016-06-06	726.72998
2016-06-07	723.73999
2016-06-08	726.6400150000001
2016-06-09	727.650024
2016-06-10	717.909973
2016-06-13	715.23999
2016-06-14	719.299988
2016-06-15	714.26001
2016-06-16	717.51001
2016-06-17	706.3900150000001
2016-06-20	714.01001
2016-06-21	715.820007
2016-06-22	710.599976
2016-06-23	722.080017
2016-06-24	698.960022
2016-06-27	691.3599849999999
2016-06-28	707.950012
2016-06-29	715.599976
2016-06-30	715.619995
2016-07-01	725.679993
2016-07-05	728.099976
2016-07-06	737.6099849999999
2016-07-07	736.570007
2016-07-08	745.8099980000001
2016-07-11	753.780029
2016-07-12	748.210022
2016-07-13	742.630005
2016-07-14	741.200012
2016-07-15	735.4400019999999
2016-07-18	736.070007
2016-07-19	739.950012
2016-07-20	745.719971
2016-07-21	744.429993
2016-07-22	744.8599849999999
2016-07-25	739.6099849999999
2016-07-26	735.590027
2016-07-27	736.669983
2016-07-28	752.6099849999999
2016-07-29	758.8099980000001
2016-08-01	767.73999
2016-08-02	760.580017
2016-08-03	754.6400150000001
2016-08-04	760.77002
2016-08-05	765.97998
2016-08-08	766.5599980000001
2016-08-09	768.3099980000001
2016-08-10	768.5599980000001
2016-08-11	771.23999
2016-08-12	772.5599980000001
2016-08-15	768.48999
2016-08-16	764.039978
2016-08-17	764.630005
2016-08-18	764.460022
2016-08-19	757.3099980000001
2016-08-22	759.47998
2016-08-23	762.450012
2016-08-24	757.25
2016-08-25	759.219971
2016-08-26	769.0
2016-08-29	771.289978
2016-08-30	767.580017
2016-08-31	769.159973
2016-09-01	770.619995
2016-09-02	772.4400019999999
2016-09-06	788.869995
2016-09-07	784.47998
2016-09-08	784.0599980000001
2016-09-09	760.1400150000001
2016-09-12	771.48999
2016-09-13	761.01001
2016-09-14	761.090027
2016-09-15	769.6900019999999
2016-09-16	778.52002
2016-09-19	775.099976
2016-09-20	780.219971
2016-09-21	789.73999
2016-09-22	804.700012
2016-09-23	805.75
2016-09-26	799.159973
2016-09-27	816.1099849999999
2016-09-28	828.719971
2016-09-29	829.049988
2016-09-30	837.3099980000001
2016-10-03	836.73999
2016-10-04	834.030029
2016-10-05	844.3599849999999
2016-10-06	841.659973
2016-10-07	839.429993
2016-10-10	841.7100220000001
2016-10-11	831.0
2016-10-12	834.090027
2016-10-13	829.280029
2016-10-14	822.960022
2016-10-17	812.950012
2016-10-18	817.650024
2016-10-19	817.6900019999999
2016-10-20	810.320007
2016-10-21	818.98999
2016-10-24	838.090027
2016-10-25	835.179993
2016-10-26	822.590027
2016-10-27	818.3599849999999
2016-10-28	776.320007
2016-10-31	789.820007
2016-11-01	785.409973
2016-11-02	765.5599980000001
2016-11-03	767.030029
2016-11-04	755.049988
2016-11-07	784.929993
2016-11-08	787.75
2016-11-09	771.880005
2016-11-10	742.380005
2016-11-11	739.01001
2016-11-14	719.070007
2016-11-15	743.23999
2016-11-16	746.48999
2016-11-17	756.400024
2016-11-18	760.159973
2016-11-21	780.0
2016-11-22	785.330017
2016-11-23	780.119995
2016-11-25	780.369995
2016-11-28	766.77002
2016-11-29	762.52002
2016-11-30	750.570007
2016-12-01	743.650024
2016-12-02	740.340027
2016-12-05	759.3599849999999
2016-12-06	764.719971
2016-12-07	770.419983
2016-12-08	767.330017
2016-12-09	768.659973
2016-12-12	760.119995
2016-12-13	774.340027
2016-12-14	768.820007
2016-12-15	761.0
2016-12-16	757.77002
2016-12-19	766.0
2016-12-20	771.219971
2016-12-21	770.599976
2016-12-22	766.340027
2016-12-23	760.590027
2016-12-27	771.400024
2016-12-28	772.130005
2016-12-29	765.150024
2016-12-30	749.869995
2017-01-03	753.669983
2017-01-04	757.179993
2017-01-05	780.450012
2017-01-06	795.98999
2017-01-09	796.919983
2017-01-10	795.900024
2017-01-11	799.02002
2017-01-12	813.6400150000001
2017-01-13	817.1400150000001
2017-01-17	809.719971
2017-01-18	807.47998
2017-01-19	809.039978
2017-01-20	808.330017
2017-01-23	817.880005
2017-01-24	822.4400019999999
2017-01-25	836.52002
2017-01-26	839.150024
2017-01-27	835.77002
2017-01-30	830.380005
2017-01-31	823.47998
2017-02-01	832.349976
2017-02-02	839.9500119999999
2017-02-03	810.200012
2017-02-06	807.6400150000001
2017-02-07	812.5
2017-02-08	819.710022
2017-02-09	821.3599849999999
2017-02-10	827.460022
2017-02-13	836.530029
2017-02-14	836.3900150000001
2017-02-15	842.7000119999999
2017-02-16	844.1400150000001
2017-02-17	845.070007
2017-02-21	856.4400019999999
2017-02-22	855.6099849999999
2017-02-23	852.1900019999999
2017-02-24	845.23999
2017-02-27	848.6400150000001
2017-02-28	845.0399779999999
2017-03-01	853.080017
2017-03-02	848.909973
2017-03-03	849.8800050000001
2017-03-06	846.6099849999999
2017-03-07	846.0200199999999
2017-03-08	850.5
2017-03-09	853.0
2017-03-10	852.4600220000001
2017-03-13	854.590027
2017-03-14	852.5300289999999
2017-03-15	852.9699710000001
2017-03-16	853.419983
2017-03-17	852.3099980000001
2017-03-20	856.9699710000001
2017-03-21	843.2000119999999
2017-03-22	848.0599980000001
2017-03-23	847.3800050000001
2017-03-24	845.6099849999999
2017-03-27	846.820007
2017-03-28	856.0
2017-03-29	874.320007
2017-03-30	876.340027
2017-03-31	886.5399779999999
2017-04-03	891.51001
2017-04-04	906.830017
2017-04-05	909.2800289999999
2017-04-06	898.2800289999999
2017-04-07	894.8800050000001
2017-04-10	907.0399779999999
2017-04-11	902.3599849999999
2017-04-12	896.2299800000001
2017-04-13	884.669983
2017-04-17	901.98999
2017-04-18	903.7800289999999
2017-04-19	899.2000119999999
2017-04-20	902.0599980000001
2017-04-21	898.5300289999999
2017-04-24	907.409973
2017-04-25	907.6199949999999
2017-04-26	909.2899779999999
2017-04-27	918.3800050000001
2017-04-28	924.98999
2017-05-01	948.2299800000001
2017-05-02	946.9400019999999
2017-05-03	941.0300289999999
2017-05-04	937.5300289999999
2017-05-05	934.150024
2017-05-08	949.0399779999999
2017-05-09	952.820007
2017-05-10	948.9500119999999
2017-05-11	947.6199949999999
2017-05-12	961.349976
2017-05-15	957.9699710000001
2017-05-16	966.070007
2017-05-17	944.76001
2017-05-18	958.48999
2017-05-19	959.840027
2017-05-22	970.669983
2017-05-23	971.5399779999999
2017-05-24	980.349976
2017-05-25	993.3800050000001
2017-05-26	995.7800289999999
2017-05-30	996.7000119999999
2017-05-31	994.6199949999999
2017-06-01	995.9500119999999
2017-06-02	1006.7299800000001
2017-06-05	1011.340027
2017-06-06	1003.0
2017-06-07	1010.070007
2017-06-08	1010.2700199999999
2017-06-09	978.3099980000001
2017-06-12	964.909973
2017-06-13	980.7899779999999
2017-06-14	976.4699710000001
2017-06-15	964.169983
2017-06-16	987.7100220000001
2017-06-19	995.169983
2017-06-20	992.590027
2017-06-21	1002.2299800000001
2017-06-22	1001.2999880000001
2017-06-23	1003.73999
2017-06-26	993.9799800000001
2017-06-27	976.7800289999999
2017-06-28	990.330017
2017-06-29	975.929993
2017-06-30	968.0
2017-07-03	953.659973
2017-07-05	971.400024
2017-07-06	965.1400150000001
2017-07-07	978.76001
2017-07-10	996.4699710000001
2017-07-11	994.1300050000001
2017-07-12	1006.51001
2017-07-13	1000.6300050000001
2017-07-14	1001.8099980000001
2017-07-17	1010.0399779999999
2017-07-18	1024.449951
2017-07-19	1026.869995
2017-07-20	1028.699951
2017-07-21	1025.670044
2017-07-24	1038.949951
2017-07-25	1039.869995
2017-07-26	1052.800049
2017-07-27	1046.0
2017-07-28	1020.0399779999999
2017-07-31	987.7800289999999
2017-08-01	996.1900019999999
2017-08-02	995.8900150000001
2017-08-03	986.919983
2017-08-04	987.580017
2017-08-07	992.2700199999999
2017-08-08	989.840027
2017-08-09	982.01001
2017-08-10	956.919983
2017-08-11	967.98999
2017-08-14	983.2999880000001
2017-08-15	982.73999
2017-08-16	978.179993
2017-08-17	960.570007
2017-08-18	958.4699710000001
2017-08-21	953.2899779999999
2017-08-22	966.900024
2017-08-23	958.0
2017-08-24	952.4500119999999
2017-08-25	945.26001
2017-08-28	946.0200199999999
2017-08-29	954.0599980000001
2017-08-30	967.590027
2017-08-31	980.599976
2017-09-01	978.25
2017-09-05	965.2700199999999
2017-09-06	967.7999880000001
2017-09-07	979.4699710000001
2017-09-08	965.900024
2017-09-11	977.9600220000001
2017-09-12	982.580017
2017-09-13	999.599976
2017-09-14	992.2100220000001
2017-09-15	986.7899779999999
2017-09-18	974.1900019999999
2017-09-19	969.8599849999999
2017-09-20	973.2100220000001
2017-09-21	964.650024
2017-09-22	955.099976
2017-09-25	939.7899779999999
2017-09-26	938.599976
2017-09-27	950.8699949999999
2017-09-28	956.400024
2017-09-29	961.349976
2017-10-02	959.1900019999999
2017-10-03	957.099976
2017-10-04	965.4500119999999
2017-10-05	980.849976
2017-10-06	989.580017
2017-10-09	990.98999
2017-10-10	987.2000119999999
2017-10-11	995.0
2017-10-12	1000.929993
2017-10-13	1002.9400019999999
2017-10-16	1006.340027
2017-10-17	1009.1300050000001
2017-10-18	997.0
2017-10-19	986.6099849999999
2017-10-20	982.909973
2017-10-23	966.2999880000001
2017-10-24	975.900024
2017-10-25	972.909973
2017-10-26	972.429993
2017-10-27	1100.949951
2017-10-30	1110.849976
2017-10-31	1105.280029
2017-11-01	1103.680054
2017-11-02	1094.219971
2017-11-03	1111.599976
2017-11-06	1120.660034
2017-11-07	1123.170044
2017-11-08	1132.880005
2017-11-09	1129.130005
2017-11-10	1125.349976
2017-11-13	1129.170044
2017-11-14	1136.839966
2017-11-15	1126.689941
2017-11-16	1137.290039
2017-11-17	1129.880005
2017-11-20	1126.310059
2017-11-21	1139.48999
2017-11-22	1156.160034
2017-11-24	1186.0
2017-11-27	1195.829956
2017-11-28	1193.599976
2017-11-29	1161.27002
2017-11-30	1176.75
2017-12-01	1162.349976
2017-12-04	1133.949951
2017-12-05	1141.569946
2017-12-06	1152.349976
2017-12-07	1159.790039
2017-12-08	1162.0
2017-12-11	1168.920044
2017-12-12	1165.079956
2017-12-13	1164.130005
2017-12-14	1174.26001
2017-12-15	1179.140015
2017-12-18	1190.579956
2017-12-19	1187.380005
2017-12-20	1177.619995
2017-12-21	1174.76001
2017-12-22	1168.359985
2017-12-26	1176.76001
2017-12-27	1182.26001
2017-12-28	1186.099976
2017-12-29	1169.469971
2018-01-02	1189.01001
2018-01-03	1204.199951
2018-01-04	1209.589966
2018-01-05	1229.140015
2018-01-08	1246.869995
2018-01-09	1252.699951
2018-01-10	1254.329956
2018-01-11	1276.680054
2018-01-12	1305.199951
2018-01-16	1304.859985
2018-01-17	1295.0
2018-01-18	1293.319946
2018-01-19	1294.579956
2018-01-22	1327.310059
2018-01-23	1362.540039
2018-01-24	1357.51001
2018-01-25	1377.949951
2018-01-26	1402.050049
2018-01-29	1417.680054
2018-01-30	1437.819946
2018-01-31	1450.890015
2018-02-01	1390.0
2018-02-02	1429.949951
2018-02-05	1390.0
2018-02-06	1442.839966
2018-02-07	1416.780029
2018-02-08	1350.5
2018-02-09	1339.599976
2018-02-12	1386.22998
2018-02-13	1414.51001
2018-02-14	1451.050049
2018-02-15	1461.76001
2018-02-16	1448.689941
2018-02-20	1468.349976
2018-02-21	1482.920044
2018-02-22	1485.339966
2018-02-23	1500.0
2018-02-26	1521.949951
2018-02-27	1511.97998
2018-02-28	1512.449951
2018-03-01	1493.449951
2018-03-02	1500.25
2018-03-05	1523.609985
2018-03-06	1537.640015
2018-03-07	1545.0
2018-03-08	1551.859985
2018-03-09	1578.890015
2018-03-12	1598.390015
2018-03-13	1588.180054
2018-03-14	1591.0
2018-03-15	1582.319946
2018-03-16	1571.680054
2018-03-19	1544.930054
2018-03-20	1586.51001
2018-03-21	1581.859985
2018-03-22	1544.920044
2018-03-23	1495.560059
2018-03-26	1555.859985
2018-03-27	1497.050049
2018-03-28	1431.420044
2018-03-29	1447.339966
2018-04-02	1371.98999
2018-04-03	1392.050049
2018-04-04	1410.569946
2018-04-05	1451.75
2018-04-06	1405.22998
2018-04-09	1406.079956
2018-04-10	1436.219971
2018-04-11	1427.050049
2018-04-12	1448.5
2018-04-13	1430.790039
2018-04-16	1441.5
2018-04-17	1503.829956
2018-04-18	1527.839966
2018-04-19	1556.910034
2018-04-20	1527.48999
2018-04-23	1517.859985
2018-04-24	1460.089966
2018-04-25	1460.170044
2018-04-26	1517.959961
2018-04-27	1572.619995
2018-04-30	1566.130005
2018-05-01	1582.26001
2018-05-02	1569.680054
2018-05-03	1572.079956
2018-05-04	1580.949951
2018-05-07	1600.140015
2018-05-08	1592.390015
2018-05-09	1608.0
2018-05-10	1609.079956
2018-05-11	1602.910034
2018-05-14	1601.540039
2018-05-15	1576.119995
2018-05-16	1587.280029
2018-05-17	1581.76001
2018-05-18	1574.369995
2018-05-21	1585.459961
2018-05-22	1581.400024
2018-05-23	1601.859985
2018-05-24	1603.069946
2018-05-25	1610.150024
2018-05-29	1612.869995
2018-05-30	1624.890015
2018-05-31	1629.619995
2018-06-01	1641.540039
2018-06-04	1665.27002
2018-06-05	1696.3499760000002
2018-06-06	1695.75
2018-06-07	1689.300049
2018-06-08	1683.9899899999998
2018-06-11	1689.119995
2018-06-12	1698.75
2018-06-13	1704.859985
2018-06-14	1723.859985
2018-06-15	1715.969971
2018-06-18	1723.790039
2018-06-19	1734.780029
2018-06-20	1750.0799559999998
2018-06-21	1730.219971
2018-06-22	1715.6700440000002
2018-06-25	1663.150024
2018-06-26	1691.089966
2018-06-27	1660.51001
2018-06-28	1701.449951
2018-06-29	1699.800049
2018-07-02	1713.780029
2018-07-03	1693.959961
2018-07-05	1699.72998
2018-07-06	1710.630005
2018-07-09	1739.02002
2018-07-10	1743.069946
2018-07-11	1755.0
2018-07-12	1796.619995
2018-07-13	1813.030029
2018-07-16	1822.4899899999998
2018-07-17	1843.930054
2018-07-18	1842.9200440000002
2018-07-19	1812.969971
2018-07-20	1813.699951
2018-07-23	1802.0
2018-07-24	1829.2399899999998
2018-07-25	1863.609985
2018-07-26	1808.0
2018-07-27	1817.27002
2018-07-30	1779.219971
2018-07-31	1777.439941
2018-08-01	1797.1700440000002
2018-08-02	1834.3299559999998
2018-08-03	1823.290039
2018-08-06	1847.75
2018-08-07	1862.47998
2018-08-08	1886.52002
2018-08-09	1898.52002
2018-08-10	1886.300049
2018-08-13	1896.199951
2018-08-14	1919.6500239999998
2018-08-15	1882.619995
2018-08-16	1886.52002
2018-08-17	1882.219971
2018-08-20	1876.709961
2018-08-21	1883.4200440000002
2018-08-22	1904.9000239999998
2018-08-23	1902.9000239999998
2018-08-24	1905.390015
2018-08-27	1927.680054
2018-08-28	1932.819946
2018-08-29	1998.0999760000002
2018-08-30	2002.380005
2018-08-31	2012.709961
2018-09-04	2039.5100100000002
2018-09-05	1994.819946
2018-09-06	1958.310059
2018-09-07	1952.069946
2018-09-10	1939.0100100000002
2018-09-11	1987.1500239999998
2018-09-12	1990.0
2018-09-13	1989.869995
2018-09-14	1970.189941
2018-09-17	1908.030029
2018-09-18	1941.050049
2018-09-19	1926.4200440000002
2018-09-20	1944.300049
2018-09-21	1915.0100100000002
2018-09-24	1934.359985
2018-09-25	1974.550049
2018-09-26	1974.8499760000002
2018-09-27	2012.97998
2018-09-28	2003.0
2018-10-01	2004.359985
2018-10-02	1971.310059
2018-10-03	1952.7600100000002
2018-10-04	1909.4200440000002
2018-10-05	1889.6500239999998
2018-10-08	1864.4200440000002
2018-10-09	1870.319946
2018-10-10	1755.25
2018-10-11	1719.359985
2018-10-12	1788.609985
2018-10-15	1760.949951
2018-10-16	1819.959961
2018-10-17	1831.72998
2018-10-18	1770.719971
2018-10-19	1764.030029
2018-10-22	1789.300049
2018-10-23	1768.699951
2018-10-24	1664.199951
2018-10-25	1782.1700440000002
2018-10-26	1642.810059
2018-10-29	1538.880005
2018-10-30	1530.420044
2018-10-31	1598.01001
2018-11-01	1665.530029
2018-11-02	1665.530029
2018-11-05	1627.800049
2018-11-06	1642.810059
2018-11-07	1755.4899899999998
2018-11-08	1754.910034
2018-11-09	1712.430054
2018-11-12	1636.849976
2018-11-13	1631.170044
2018-11-14	1599.01001
2018-11-15	1619.439941
2018-11-16	1593.410034
2018-11-19	1512.290039
2018-11-20	1495.459961
2018-11-21	1516.72998
2018-11-23	1502.060059
2018-11-26	1581.329956
2018-11-27	1581.420044
2018-11-28	1677.75
2018-11-29	1673.569946
2018-11-30	1690.1700440000002
2018-12-03	1772.359985
2018-12-04	1668.400024
2018-12-06	1699.189941
2018-12-07	1629.130005
2018-12-10	1641.030029
2018-12-11	1643.23999
2018-12-12	1663.540039
2018-12-13	1658.380005
2018-12-14	1591.910034
2018-12-17	1520.910034
2018-12-18	1551.47998
2018-12-19	1495.079956
2018-12-20	1460.829956
2018-12-21	1377.449951
2018-12-24	1343.959961
2018-12-26	1470.900024
2018-12-27	1461.640015
2018-12-28	1478.02002
2018-12-31	1501.969971
2019-01-02	1539.130005
2019-01-03	1500.280029
2019-01-04	1575.390015
2019-01-07	1629.51001
2019-01-08	1656.579956
2019-01-09	1659.420044
2019-01-10	1656.219971
2019-01-11	1640.560059
2019-01-14	1617.209961
2019-01-15	1674.560059
2019-01-16	1683.780029
2019-01-17	1693.219971
2019-01-18	1696.199951
2019-01-22	1632.170044
2019-01-23	1640.02002
2019-01-24	1654.930054
2019-01-25	1670.569946
2019-01-28	1637.890015
2019-01-29	1593.880005
2019-01-30	1670.430054
2019-01-31	1718.72998
2019-02-01	1626.22998
2019-02-04	1633.310059
2019-02-05	1658.810059
2019-02-06	1640.26001
2019-02-07	1614.369995
2019-02-08	1588.219971
2019-02-11	1591.0
2019-02-12	1638.01001
2019-02-13	1640.0
2019-02-14	1622.650024
2019-02-15	1607.949951
2019-02-19	1627.579956
2019-02-20	1622.099976
2019-02-21	1619.439941
2019-02-22	1631.560059
2019-02-25	1633.0
2019-02-26	1636.400024
2019-02-27	1641.089966
2019-02-28	1639.829956
2019-03-01	1671.72998
2019-03-04	1696.1700440000002
2019-03-05	1692.430054
2019-03-06	1668.949951
2019-03-07	1625.949951
2019-03-08	1620.800049
2019-03-11	1670.619995
2019-03-12	1673.099976
2019-03-13	1690.810059
2019-03-14	1686.219971
2019-03-15	1712.359985
2019-03-18	1742.1500239999998
2019-03-19	1761.8499760000002
2019-03-20	1797.27002
2019-03-21	1819.2600100000002
2019-03-22	1764.77002
2019-03-25	1774.2600100000002
2019-03-26	1783.7600100000002
2019-03-27	1765.699951
2019-03-28	1773.4200440000002
2019-03-29	1780.75
2019-04-01	1814.189941
2019-04-02	1813.97998
2019-04-03	1820.699951
2019-04-04	1818.859985
2019-04-05	1837.280029
2019-04-08	1849.859985
2019-04-09	1835.839966
2019-04-10	1847.3299559999998
2019-04-11	1844.069946
2019-04-12	1843.060059
2019-04-15	1844.869995
2019-04-16	1863.040039
2019-04-17	1864.819946
2019-04-18	1861.689941
2019-04-22	1887.310059
2019-04-23	1923.77002
2019-04-24	1901.75
2019-04-25	1902.25
2019-04-26	1950.630005
2019-04-29	1938.430054
2019-04-30	1926.52002
2019-05-01	1911.52002
2019-05-02	1900.819946
2019-05-03	1962.459961
2019-05-06	1950.550049
2019-05-07	1921.0
2019-05-08	1917.77002
2019-05-09	1899.869995
2019-05-10	1889.97998
2019-05-13	1822.680054
2019-05-14	1840.119995
2019-05-15	1871.1500239999998
2019-05-16	1907.569946
2019-05-17	1869.0
